{"cameraMode":{"drawMode":0,"name":"Shaded","section":"Shading Mode"},"sceneLighting":false,"audioPlay":false,"sceneViewState":{"m_AlwaysRefresh":false,"showFog":true,"showSkybox":false,"showFlares":true,"showImageEffects":true,"showParticleSystems":true,"showVisualEffectGraphs":true,"m_FxEnabled":true},"in2DMode":false,"pivot":{"x":-0.2078365683555603,"y":-0.07120424509048462,"z":-2.5080535411834719},"rotation":{"x":-0.02669578418135643,"y":-0.009904023259878159,"z":0.0002634272677823901,"w":-0.9995996952056885},"size":7.153789043426514,"orthographic":true}