{"cameraMode":{"drawMode":0,"name":"Shaded","section":"Shading Mode"},"sceneLighting":false,"audioPlay":false,"sceneViewState":{"m_AlwaysRefresh":false,"showFog":true,"showSkybox":false,"showFlares":true,"showImageEffects":true,"showParticleSystems":true,"showVisualEffectGraphs":true,"m_FxEnabled":true},"in2DMode":false,"pivot":{"x":-0.537598192691803,"y":0.5036320686340332,"z":0.5411381721496582},"rotation":{"x":0.07546533644199372,"y":0.359499990940094,"z":-0.029183460399508477,"w":0.9296291470527649},"size":2.0793204307556154,"orthographic":false}