{"cameraMode":{"drawMode":0,"name":"Shaded","section":"Shading Mode"},"sceneLighting":false,"audioPlay":false,"sceneViewState":{"m_AlwaysRefresh":false,"showFog":true,"showSkybox":false,"showFlares":true,"showImageEffects":true,"showParticleSystems":true,"showVisualEffectGraphs":true,"m_FxEnabled":true},"in2DMode":false,"pivot":{"x":-2.7908568382263185,"y":13.4595947265625,"z":42.95832824707031},"rotation":{"x":0.10778898000717163,"y":-0.004473756067454815,"z":0.00048505235463380814,"w":0.9941624402999878},"size":85.6920394897461,"orthographic":false}